{
  "0": {
    "fid": 89.08097433232862,
    "reason": null,
    "num_generated": 1450,
    "num_real": 954
  },
  "1": {
    "fid": 134.75272144027,
    "reason": null,
    "num_generated": 1450,
    "num_real": 1450
  },
  "2": {
    "fid": 79.78693293826524,
    "reason": null,
    "num_generated": 1450,
    "num_real": 1450
  },
  "3": {
    "fid": 84.6237006515345,
    "reason": null,
    "num_generated": 1450,
    "num_real": 1450
  },
  "4": {
    "fid": 79.81701492577537,
    "reason": null,
    "num_generated": 1450,
    "num_real": 1450
  },
  "5": {
    "fid": 106.27516594070573,
    "reason": null,
    "num_generated": 1450,
    "num_real": 1308
  }
}